,gene,standard_drug_name,dataset,cancer_type,effect_size,pvalue,n_mut,n_wt
0,ARFGEF1,narciclasine,All,pancan,-1.7375,0.0822989,77,613
1,ARFGEF1,CID-5951923,All,pancan,-0.318318,0.750244,73,620
2,ARFGEF1,TTNBP,All,pancan,-0.0591221,0.952855,19,98
3,ARFGEF1,BRD-K24690302,All,pancan,-0.0870595,0.930624,75,627
4,ARFGEF1,BRD-K27224038,All,pancan,-1.11003,0.266988,30,176
5,ARFGEF1,BX795,All,pancan,0.082415,0.934317,100,863
6,ARFGEF1,ML239,All,pancan,0.796473,0.425757,75,622
7,ARFGEF1,Fulvestrant,All,pancan,0.559159,0.576053,110,893
8,ARFGEF1,Wnt-C59,All,pancan,-0.468789,0.63922,102,847
9,ARFGEF1,manumycin A,All,pancan,-0.817122,0.413859,79,638
10,ARFGEF1,BPTES,All,pancan,1.84825,0.0645657,98,830
11,ARFGEF1,WH-4-023,All,pancan,1.4012,0.161156,44,352
12,ARFGEF1,Alpelisib,All,pancan,-1.69777,0.0895512,97,865
13,ARFGEF1,Z-LLNle-CHO,All,pancan,0.405131,0.685381,44,352
14,ARFGEF1,Compound 12,All,pancan,0.138473,0.889867,29,183
15,ARFGEF1,GSK429286A,All,pancan,-0.488462,0.625223,95,821
16,ARFGEF1,XMD8-92,All,pancan,-0.335155,0.737508,57,436
17,ARFGEF1,iso-DC-45-A2,All,pancan,1.283,0.199491,14,101
18,ARFGEF1,FTI-277,All,pancan,0.12703,0.898917,91,790
19,ARFGEF1,BRD-A02303741,All,pancan,-0.880029,0.378844,71,581
20,ARFGEF1,nakiterpiosin,All,pancan,-1.58472,0.113029,81,642
21,ARFGEF1,BRD-K49290616,All,pancan,-2.73588,0.00622135,29,171
22,ARFGEF1,apicidin,All,pancan,0.383063,0.701673,76,641
23,ARFGEF1,ICL1100013,All,pancan,-0.230487,0.817713,96,818
24,ARFGEF1,losartan,All,pancan,0.718431,0.472492,29,183
25,ARFGEF1,Tivozanib,All,pancan,0.275342,0.783054,121,997
26,ARFGEF1,CPI-613,All,pancan,-1.16748,0.243015,94,815
27,ARFGEF1,Oxaliplatin,All,pancan,0.159618,0.873182,111,922
28,ARFGEF1,CX-5461,All,pancan,-0.770855,0.440793,94,815
29,ARFGEF1,valdecoxib,All,pancan,-2.37526,0.0175364,79,630
30,ARFGEF1,FMK,All,pancan,-1.11829,0.263443,82,703
31,ARFGEF1,PYR-41,All,pancan,-0.992357,0.321023,75,600
32,ARFGEF1,selumetinib:piperlongumine (8:1 mol/mol),All,pancan,-1.65245,0.098442,77,596
33,ARFGEF1,Entospletinib,All,pancan,0.698175,0.485067,71,653
34,ARFGEF1,CAY10576,All,pancan,-1.11842,0.263386,67,579
35,ARFGEF1,THZ-2-49,All,pancan,0.392812,0.694459,94,817
36,ARFGEF1,TPCA-1,All,pancan,-0.98575,0.324256,121,988
37,ARFGEF1,ABT-751,All,pancan,-0.610465,0.541554,27,170
38,ARFGEF1,BMS-641988,All,pancan,-0.226444,0.820856,29,183
39,ARFGEF1,PD0325901,All,pancan,-1.22381,0.221025,108,933
40,ARFGEF1,GSK343,All,pancan,0.453799,0.649973,71,653
41,ARFGEF1,TWS119,All,pancan,-0.115112,0.908356,95,824
42,ARFGEF1,LRRK2-IN-1,All,pancan,-0.979482,0.327342,46,449
43,ARFGEF1,PFI3,All,pancan,0.904312,0.36583,71,653
44,ARFGEF1,Eg5_9814,All,pancan,-0.699635,0.484156,73,651
45,ARFGEF1,nintedanib,All,pancan,0.567514,0.570365,72,594
46,ARFGEF1,KIN001-270,All,pancan,-0.271947,0.785663,94,817
47,ARFGEF1,PF-4800567 hydrochloride,All,pancan,-1.77614,0.0757103,24,313
48,ARFGEF1,pyrvinium pamoate,All,pancan,-0.301045,0.76338,14,82
49,ARFGEF1,bistramide A,All,pancan,0.761249,0.446508,14,101
50,ARFGEF1,"MetAP2 Inhibitor, A832234",All,pancan,0.237729,0.812091,94,815
51,ARFGEF1,SB52334,All,pancan,-0.414336,0.678628,94,817
52,ARFGEF1,STF-31,All,pancan,-0.251986,0.801052,71,607
53,ARFGEF1,ceranib-2,All,pancan,-1.01357,0.310788,80,634
54,ARFGEF1,Erlotinib,All,pancan,-0.0890187,0.929067,117,977
55,ARFGEF1,spautin-1,All,pancan,-2.40456,0.0161918,76,620
56,ARFGEF1,tigecycline,All,pancan,0.500377,0.61681,50,323
57,ARFGEF1,MG-132,All,pancan,-1.66576,0.0957621,98,856
58,ARFGEF1,PF-562271,All,pancan,-0.848749,0.396021,91,790
59,ARFGEF1,XMD13-2,All,pancan,-0.880026,0.378845,95,818
60,ARFGEF1,tacedinaline,All,pancan,-1.89326,0.0583239,46,450
61,ARFGEF1,ubistatin B,All,pancan,0.210153,0.833548,29,183
62,ARFGEF1,maraviroc,All,pancan,0.118924,0.905336,29,183
63,ARFGEF1,GDC-0879,All,pancan,-0.484778,0.627834,74,614
64,ARFGEF1,MK-591,All,pancan,1.23322,0.217492,29,183
65,ARFGEF1,CAY10603,All,pancan,-0.424427,0.671255,94,815
66,ARFGEF1,BRD-K66532283,All,pancan,0.898608,0.368861,73,598
67,ARFGEF1,Capivasertib,All,pancan,-0.488394,0.625271,99,835
68,ARFGEF1,chlorambucil,All,pancan,0.509171,0.610633,74,605
69,ARFGEF1,NVP-BSK805,All,pancan,-0.181513,0.855965,75,622
70,ARFGEF1,salermide,All,pancan,-1.28183,0.199901,49,443
71,ARFGEF1,ZD-6474,All,pancan,-1.41789,0.156223,41,408
72,ARFGEF1,serdemetan:SCH-529074 (1:1 mol/mol),All,pancan,0.898429,0.368957,77,607
73,ARFGEF1,navitoclax:sorafenib (1:1 mol/mol),All,pancan,-1.16217,0.245165,73,622
74,ARFGEF1,MK-2206,All,pancan,-0.538514,0.590222,122,995
75,ARFGEF1,PFI-3,All,pancan,0.774975,0.438354,87,758
76,ARFGEF1,PNU-74654,All,pancan,-0.838767,0.4016,18,98
77,ARFGEF1,ifosfamide,All,pancan,-1.53819,0.124003,51,314
78,ARFGEF1,Lenvatinib,All,pancan,-0.507608,0.611728,76,628
79,ARFGEF1,Masitinib,All,pancan,-0.872029,0.383192,120,986
80,ARFGEF1,Methotrexate,All,pancan,-1.99873,0.0456381,124,996
81,ARFGEF1,BRD2649,All,pancan,1.09253,0.274598,12,88
82,ARFGEF1,Zibotentan,All,pancan,1.5609,0.118548,94,817
83,ARFGEF1,Carmustine,All,pancan,1.76232,0.0780156,71,653
84,ARFGEF1,bendamustine,All,pancan,-0.1868,0.851817,71,567
85,ARFGEF1,BRD-K71781559,All,pancan,-0.394785,0.693002,70,600
86,ARFGEF1,Dacinostat,All,pancan,0.294686,0.768233,88,785
87,ARFGEF1,GANT-61,All,pancan,1.25658,0.208905,73,620
88,ARFGEF1,UNC0321,All,pancan,-2.81083,0.00494135,80,640
89,ARFGEF1,Platin,All,pancan,-0.88533,0.375979,77,637
90,ARFGEF1,KIN001-266,All,pancan,-0.133697,0.893642,94,817
91,ARFGEF1,PK-11195,All,pancan,0.0812929,0.935209,19,98
92,ARFGEF1,hyperforin,All,pancan,1.30951,0.19036,71,589
93,ARFGEF1,CP724714,All,pancan,1.06705,0.28595,95,818
94,ARFGEF1,ZSTK474,All,pancan,0.40125,0.688236,120,991
95,ARFGEF1,BRD-A71883111,All,pancan,-1.94858,0.0513453,77,622
96,ARFGEF1,Compound 10b,All,pancan,-0.102633,0.918254,29,183
97,ARFGEF1,Alisertib,All,pancan,-0.055378,0.955837,123,1003
98,ARFGEF1,"1S,3R-RSL-3",All,pancan,2.40593,0.0161314,77,656
99,ARFGEF1,FR-180204,All,pancan,1.47273,0.140823,94,817
100,ARFGEF1,PRT062607,All,pancan,0.491441,0.623114,71,653
101,ARFGEF1,PF-04217903,All,pancan,0.167753,0.866777,18,98
102,ARFGEF1,CD532,All,pancan,-1.39979,0.161576,96,826
103,ARFGEF1,2-fluoropalmitic acid,All,pancan,1.56678,0.117167,28,182
104,ARFGEF1,HBX-41108,All,pancan,-1.28654,0.198254,45,455
105,ARFGEF1,epigallocatechin-3-monogallate,All,pancan,-2.55154,0.0107249,67,563
106,ARFGEF1,KU 0060648,All,pancan,-1.70454,0.0882794,78,626
107,ARFGEF1,tosedostat,All,pancan,-2.35109,0.0187187,78,615
108,ARFGEF1,BRD-K51490254,All,pancan,0.55829,0.576646,71,595
109,ARFGEF1,AT13387,All,pancan,-1.0523,0.292663,24,317
110,ARFGEF1,VU0155056,All,pancan,0.16097,0.872117,74,629
111,ARFGEF1,Tenovin-6,All,pancan,-0.985391,0.324432,95,824
112,ARFGEF1,MPS-1-IN-1,All,pancan,-0.714429,0.474962,94,817
113,ARFGEF1,dexamethasone,All,pancan,-1.21901,0.222842,78,638
114,ARFGEF1,Pyridostatin,All,pancan,-0.712141,0.476378,72,673
115,ARFGEF1,pifithrin-alpha,All,pancan,-0.92578,0.35456,77,638
116,ARFGEF1,N9-isopropylolomoucine,All,pancan,-2.53958,0.0110986,77,619
117,ARFGEF1,KW-2449,All,pancan,-1.02905,0.303456,79,624
118,ARFGEF1,YM201636,All,pancan,0.353489,0.723722,94,817
119,ARFGEF1,AZD1208,All,pancan,-0.139091,0.889378,100,850
120,ARFGEF1,Compound 44,All,pancan,0.767304,0.442901,29,183
121,ARFGEF1,AZD-7545,All,pancan,-1.94529,0.0517398,80,643
122,ARFGEF1,Dasatinib,All,pancan,0.0967718,0.922908,117,962
123,ARFGEF1,Mitomycin-C,All,pancan,1.45159,0.146616,88,785
124,ARFGEF1,XMD11-85h,All,pancan,-1.41279,0.157716,57,436
125,ARFGEF1,Dihydrorotenone,All,pancan,0.055866,0.955449,71,653
126,ARFGEF1,Teniposide,All,pancan,0.196745,0.844027,98,795
127,ARFGEF1,AZD4877,All,pancan,-0.879494,0.379133,98,830
128,ARFGEF1,LY-2365109,All,pancan,0.299368,0.764659,14,101
129,ARFGEF1,sotrastaurin,All,pancan,-1.75082,0.0799762,45,448
130,ARFGEF1,GW-405833,All,pancan,-0.667446,0.504487,81,641
131,ARFGEF1,BRD4770,All,pancan,0.15714,0.875135,45,254
132,ARFGEF1,navitoclax:pluripotin (1:1 mol/mol),All,pancan,-1.32429,0.185407,73,618
133,ARFGEF1,JQ12,All,pancan,0.381959,0.702492,91,790
134,ARFGEF1,ASN 05257430,All,pancan,-0.0238856,0.980944,81,629
135,ARFGEF1,WZ3105,All,pancan,-1.71361,0.0866011,95,818
136,ARFGEF1,navitoclax:PLX-4032 (1:1 mol/mol),All,pancan,0.113247,0.909835,73,621
137,ARFGEF1,Voxtalisib,All,pancan,-0.0269411,0.978507,95,824
138,ARFGEF1,cytochalasin B,All,pancan,0.292659,0.769783,81,652
139,ARFGEF1,BRD63610,All,pancan,-0.692365,0.488708,29,183
140,ARFGEF1,ML150,All,pancan,0.229098,0.818793,19,98
141,ARFGEF1,marinopyrrole A,All,pancan,-2.63972,0.00829756,44,407
142,ARFGEF1,CDK9_5576,All,pancan,-2.12015,0.0339934,73,651
143,ARFGEF1,Regorafenib,All,pancan,1.60629,0.108211,75,601
144,ARFGEF1,BRD-K13999467,All,pancan,-1.21709,0.22357,74,621
145,ARFGEF1,TGX221,All,pancan,-0.139923,0.888721,100,815
146,ARFGEF1,AKT inhibitor VIII,All,pancan,-1.11947,0.262941,97,831
147,ARFGEF1,Trichostatin A,All,pancan,0.546818,0.584504,94,815
148,ARFGEF1,BRD-A05715709,All,pancan,-0.214971,0.82979,23,294
149,ARFGEF1,Veliparib,All,pancan,-0.255134,0.798619,124,1005
150,ARFGEF1,pifithrin-mu,All,pancan,-0.899597,0.368335,82,641
151,ARFGEF1,BRD-K41597374,All,pancan,-1.01303,0.311046,76,631
152,ARFGEF1,Pazopanib,All,pancan,0.511521,0.608986,115,967
153,ARFGEF1,QS11,All,pancan,1.44947,0.147205,106,855
154,ARFGEF1,BRD6368,All,pancan,-0.167797,0.866743,29,183
155,ARFGEF1,CIL55,All,pancan,-0.0937695,0.925292,45,289
156,ARFGEF1,selumetinib:PLX-4032 (8:1 mol/mol),All,pancan,-2.60202,0.00926759,77,620
157,ARFGEF1,BAY-61-3606,All,pancan,0.147566,0.882685,88,785
158,ARFGEF1,elocalcitol,All,pancan,0.599179,0.549054,75,612
159,ARFGEF1,Pilaralisib,All,pancan,-0.124501,0.900919,95,824
160,ARFGEF1,semagacestat,All,pancan,-2.56508,0.0103153,76,636
161,ARFGEF1,tanespimycin:bortezomib (250:1 mol/mol),All,pancan,-1.14927,0.250446,69,595
162,ARFGEF1,GW-2580,All,pancan,0.790421,0.429282,95,818
163,ARFGEF1,BRD-K02492147,All,pancan,-0.666596,0.50503,71,539
164,ARFGEF1,MCT4_1422,All,pancan,0.640393,0.521917,98,830
165,ARFGEF1,BRD-M00053801,All,pancan,-0.387815,0.698153,44,409
166,ARFGEF1,Elephantin,All,pancan,-0.671288,0.502037,71,653
167,ARFGEF1,BRD-K71935468,All,pancan,1.25486,0.209529,72,597
168,ARFGEF1,cyanoquinoline 11,All,pancan,0.51725,0.604982,58,391
169,ARFGEF1,BRD-K96970199,All,pancan,-0.938687,0.347892,29,172
170,ARFGEF1,BRD-A86708339,All,pancan,-0.296551,0.766809,25,312
171,ARFGEF1,S-Trityl-L-cysteine,All,pancan,-0.282195,0.777794,44,352
172,ARFGEF1,IAP_5620,All,pancan,0.331352,0.740379,100,850
173,ARFGEF1,Tipifarnib,All,pancan,0.427095,0.66931,88,785
174,ARFGEF1,selumetinib:MK-2206 (8:1 mol/mol),All,pancan,-2.34358,0.0190994,77,617
175,ARFGEF1,OF-1,All,pancan,-1.75933,0.0785214,71,653
176,ARFGEF1,rTRAIL,All,pancan,-1.36739,0.171502,96,818
177,ARFGEF1,salermide:PLX-4032 (12:1 mol/mol),All,pancan,0.760655,0.446863,66,579
178,ARFGEF1,Cisplatin,All,pancan,-1.00399,0.315385,100,858
179,ARFGEF1,RO4929097,All,pancan,-1.30234,0.1928,24,307
180,ARFGEF1,GSK269962A,All,pancan,-0.0427258,0.96592,101,854
181,ARFGEF1,BMS-536924,All,pancan,-0.0956434,0.923804,123,1024
182,ARFGEF1,OSU-03012,All,pancan,-0.265708,0.790464,88,785
183,ARFGEF1,PD 153035,All,pancan,-1.75407,0.079419,46,452
184,ARFGEF1,decitabine:carboplatin (1:1 mol/mol),All,pancan,0.914976,0.360204,76,621
185,ARFGEF1,VER-155008,All,pancan,-0.597437,0.550216,81,656
186,ARFGEF1,AZ20,All,pancan,0.639306,0.522624,99,835
187,ARFGEF1,kahalalide F,All,pancan,-0.20998,0.833683,14,81
188,ARFGEF1,NSC-87877,All,pancan,-0.411106,0.680995,91,790
189,ARFGEF1,AZ628,All,pancan,-0.354056,0.723297,45,354
190,ARFGEF1,"16,16-dimethylprostaglandin-E2",All,pancan,1.00554,0.314635,28,182
191,ARFGEF1,VX-11e,All,pancan,-0.294694,0.768228,98,846
192,ARFGEF1,IPR-456,All,pancan,1.38909,0.164804,74,628
193,ARFGEF1,prochlorperazine,All,pancan,-0.203425,0.838803,75,612
194,ARFGEF1,TAF1_5496,All,pancan,-1.06966,0.28477,73,651
195,ARFGEF1,BIBR-1532,All,pancan,0.404928,0.68553,111,905
196,ARFGEF1,WZ8040,All,pancan,-0.72396,0.46909,64,545
197,ARFGEF1,Sabutoclax,All,pancan,-0.22197,0.824337,71,653
198,ARFGEF1,LY-2157299,All,pancan,0.226861,0.820532,28,165
199,ARFGEF1,SJ-172550,All,pancan,-0.312913,0.754347,81,638
200,ARFGEF1,avicin D,All,pancan,-2.10076,0.0356617,25,307
201,ARFGEF1,IGFR_3801,All,pancan,0.0601738,0.952017,98,830
202,ARFGEF1,gossypol,All,pancan,-0.704863,0.480896,79,625
203,ARFGEF1,birinapant,All,pancan,-1.08699,0.277042,75,624
204,ARFGEF1,XAV939,All,pancan,0.327964,0.742939,104,877
205,ARFGEF1,TANK_1366,All,pancan,0.250658,0.802079,98,830
206,ARFGEF1,BRD4354,All,pancan,1.85185,0.0640479,11,51
207,ARFGEF1,Docetaxel,All,pancan,-1.98238,0.0474369,105,933
208,ARFGEF1,NVP-TAE684,All,pancan,-0.629218,0.529206,105,856
209,ARFGEF1,SB-525334,All,pancan,0.996631,0.318944,74,625
210,ARFGEF1,BRD55319,All,pancan,-1.24141,0.214454,78,605
211,ARFGEF1,FQI-2,All,pancan,-1.72081,0.0852846,78,655
212,ARFGEF1,BRD-K75293299,All,pancan,-0.662602,0.507585,29,172
213,ARFGEF1,LGK974,All,pancan,-1.5737,0.115558,103,852
214,ARFGEF1,MPEP,All,pancan,-1.11938,0.262979,13,68
215,ARFGEF1,Vincristine,All,pancan,-1.39773,0.162195,103,909
216,ARFGEF1,leptomycin B,All,pancan,-0.582207,0.560427,79,652
217,ARFGEF1,Bryostatin 1,All,pancan,1.87155,0.061269,88,785
218,ARFGEF1,PI3Ka_4409,All,pancan,-0.0996255,0.920642,98,830
219,ARFGEF1,CD-437,All,pancan,0.201709,0.840144,80,650
220,ARFGEF1,SID 26681509,All,pancan,0.328926,0.742211,74,599
221,ARFGEF1,BRD9876,All,pancan,0.112768,0.910214,76,611
222,ARFGEF1,lomeguatrib,All,pancan,-1.20371,0.228701,75,634
223,ARFGEF1,ISOX:bortezomib (250:1 mol/mol),All,pancan,0.527309,0.597979,75,592
224,ARFGEF1,BRD-K14844214,All,pancan,0.321823,0.747586,73,594
225,ARFGEF1,Linsitinib,All,pancan,-0.686835,0.492187,123,1001
226,ARFGEF1,Alda-1,All,pancan,0.548406,0.583413,28,183
227,ARFGEF1,BEC,All,pancan,-0.0895994,0.928606,50,309
228,ARFGEF1,BRD-K07442505,All,pancan,-0.760167,0.447154,76,627
229,ARFGEF1,BRD-K33199242,All,pancan,-1.71462,0.0864146,74,620
230,ARFGEF1,Decitabine,All,pancan,-1.03605,0.300178,78,631
231,ARFGEF1,BRD-K30019337,All,pancan,-0.933229,0.350702,31,178
232,ARFGEF1,erlotinib:PLX-4032 (2:1 mol/mol),All,pancan,0.0770076,0.938617,71,571
233,ARFGEF1,Midostaurin,All,pancan,0.716499,0.473683,91,790
234,ARFGEF1,WYE-125132,All,pancan,-0.13593,0.891877,95,824
235,ARFGEF1,Idelalisib,All,pancan,-1.06677,0.286076,119,994
236,ARFGEF1,RAF_9304,All,pancan,-0.66789,0.504204,98,830
237,ARFGEF1,5-benzyl-9-tert-butyl-paullone,All,pancan,-0.0598735,0.952256,14,101
238,ARFGEF1,Tanespimycin,All,pancan,0.302865,0.761992,125,1012
239,ARFGEF1,RAF265,All,pancan,1.50624,0.132007,70,612
240,ARFGEF1,alisertib:navitoclax (2:1 mol/mol),All,pancan,-0.384162,0.700858,66,579
241,ARFGEF1,Ibrutinib,All,pancan,-0.344799,0.730246,88,822
242,ARFGEF1,BRD-K26531177,All,pancan,0.0421141,0.966408,69,575
243,ARFGEF1,KIN001-260,All,pancan,-1.08861,0.276324,94,817
244,ARFGEF1,KU-0063794,All,pancan,1.37364,0.169553,73,633
245,ARFGEF1,Venotoclax,All,pancan,-1.25374,0.209937,95,812
246,ARFGEF1,purmorphamine,All,pancan,-0.904605,0.365675,75,614
247,ARFGEF1,PT-630,All,pancan,-0.517805,0.604594,28,182
248,ARFGEF1,KIN001-236,All,pancan,0.327826,0.743043,94,817
249,ARFGEF1,glibenclamide,All,pancan,-1.09638,0.272912,29,183
250,ARFGEF1,Entinostat,All,pancan,0.0362321,0.971097,114,956
251,ARFGEF1,Foretinib,All,pancan,-0.498267,0.618296,120,1003
252,ARFGEF1,KH-CB19,All,pancan,-0.552324,0.580726,46,433
253,ARFGEF1,AT-7519,All,pancan,-1.30154,0.193073,95,821
254,ARFGEF1,AZ-3146,All,pancan,-0.378619,0.704971,74,606
255,ARFGEF1,Axitinib,All,pancan,-0.649087,0.516282,124,999
256,ARFGEF1,dalcetrapib,All,pancan,1.23648,0.216279,29,183
257,ARFGEF1,AZD3514,All,pancan,-0.524607,0.599856,96,833
258,ARFGEF1,MCT1_6447,All,pancan,-0.223958,0.82279,98,830
259,ARFGEF1,AZD5991,All,pancan,-1.22783,0.219512,73,651
260,ARFGEF1,nimodipine,All,pancan,-0.0514657,0.958954,13,68
261,ARFGEF1,ML037,All,pancan,0.96653,0.333779,14,101
262,ARFGEF1,ZM336372,All,pancan,-0.73964,0.459519,18,98
263,ARFGEF1,BRD6825,All,pancan,-0.695518,0.48673,14,82
264,ARFGEF1,erastin-A8,All,pancan,-0.996564,0.318976,14,82
265,ARFGEF1,AST-1306,All,pancan,0.413097,0.679536,95,824
266,ARFGEF1,WZ4002,All,pancan,-2.47399,0.0133614,47,448
267,ARFGEF1,NSC23766,All,pancan,-1.11115,0.266505,82,638
268,ARFGEF1,Sapitinib,All,pancan,0.094083,0.925043,81,719
269,ARFGEF1,GSK1070916,All,pancan,-0.725218,0.468318,95,821
270,ARFGEF1,OSW-1,All,pancan,0.0537601,0.957126,29,183
271,ARFGEF1,BAM7,All,pancan,1.39111,0.164193,94,815
272,ARFGEF1,BRD-K17060750,All,pancan,-2.42816,0.0151758,76,628
273,ARFGEF1,6-NBDG,All,pancan,0.607289,0.543659,14,101
274,ARFGEF1,JW-480,All,pancan,0.0771946,0.938469,75,616
275,ARFGEF1,Mirin,All,pancan,0.397749,0.690815,97,834
276,ARFGEF1,GSK1904529A,All,pancan,-0.16659,0.867693,100,843
277,ARFGEF1,Sorafenib,All,pancan,0.210199,0.833513,117,981
278,ARFGEF1,PCI-34051,All,pancan,0.584053,0.559184,71,653
279,ARFGEF1,canertinib,All,pancan,0.171602,0.863751,73,602
280,ARFGEF1,A-770041,All,pancan,0.178339,0.858457,44,353
281,ARFGEF1,TL-2-105,All,pancan,-0.8395,0.401189,95,821
282,ARFGEF1,GSK-3 inhibitor IX,All,pancan,1.03649,0.299976,73,605
283,ARFGEF1,JQ1,All,pancan,-1.92262,0.0545274,121,1010
284,ARFGEF1,PF-3845,All,pancan,-0.428452,0.668322,29,183
285,ARFGEF1,omacetaxine mepesuccinate,All,pancan,-1.7396,0.0819292,48,461
286,ARFGEF1,ZG-10,All,pancan,-0.731608,0.464408,57,436
287,ARFGEF1,KU-60019,All,pancan,-0.421375,0.673481,123,995
288,ARFGEF1,A-83-01,All,pancan,0.956964,0.338585,95,812
289,ARFGEF1,MN-64,All,pancan,0.849342,0.395691,71,653
290,ARFGEF1,PDMP,All,pancan,-0.67394,0.50035,77,615
291,ARFGEF1,SB590885,All,pancan,0.668017,0.504123,94,816
292,ARFGEF1,vandetanib,All,pancan,-0.384609,0.700527,73,615
293,ARFGEF1,VAF-347,All,pancan,1.28688,0.198137,41,410
294,ARFGEF1,BRD-K29313308,All,pancan,0.0206826,0.983499,75,611
295,ARFGEF1,BRD8899,All,pancan,-0.559211,0.576018,76,627
296,ARFGEF1,Palbociclib,All,pancan,0.155872,0.876134,105,919
297,ARFGEF1,tivantinib,All,pancan,-2.2644,0.0235494,25,318
298,ARFGEF1,Saracatinib,All,pancan,-0.618417,0.536301,105,862
299,ARFGEF1,BML-259,All,pancan,-0.800641,0.42334,18,98
300,ARFGEF1,SNX-2112:bortezomib (250:1 mol/mol),All,pancan,-2.15031,0.0315311,77,626
301,ARFGEF1,MLN2480,All,pancan,-1.09295,0.274414,25,321
302,ARFGEF1,Carboplatin,All,pancan,0.46183,0.644204,76,632
303,ARFGEF1,B02,All,pancan,-0.247046,0.804873,75,614
304,ARFGEF1,AZD3759,All,pancan,0.0344434,0.972524,73,682
305,ARFGEF1,IAP_7638,All,pancan,-1.20145,0.229575,96,833
306,ARFGEF1,Refametinib,All,pancan,-0.661437,0.508332,99,847
307,ARFGEF1,ML160,All,pancan,-1.31547,0.188353,19,98
308,ARFGEF1,oxythiamine,All,pancan,0.0424285,0.966157,12,88
309,ARFGEF1,I-BRD9,All,pancan,-1.6972,0.0896595,72,675
310,ARFGEF1,Ponatinib,All,pancan,0.833958,0.404305,91,790
311,ARFGEF1,navitoclax:piperlongumine (1:1 mol/mol),All,pancan,-1.1855,0.235821,70,583
312,ARFGEF1,BRD8097,All,pancan,-0.384092,0.70091,14,82
313,ARFGEF1,CCT036477,All,pancan,0.00917651,0.992678,80,636
314,ARFGEF1,Imatinib,All,pancan,-0.136615,0.891335,98,810
315,ARFGEF1,Doxorubicin,All,pancan,-0.580575,0.561527,125,1015
316,ARFGEF1,Enzastaurin,All,pancan,-0.709243,0.478174,95,821
317,ARFGEF1,"eEF2K Inhibitor, A-484954",All,pancan,-0.392279,0.694852,95,824
318,ARFGEF1,UNC0638:navitoclax (1:1 mol/mol),All,pancan,-0.132673,0.894452,72,580
319,ARFGEF1,erastin,All,pancan,1.10159,0.270639,79,641
320,ARFGEF1,THZ-2-102-1,All,pancan,-1.5878,0.112331,94,817
321,ARFGEF1,Temsirolimus,All,pancan,1.55826,0.119171,119,925
322,ARFGEF1,tandutinib,All,pancan,1.72191,0.0850861,75,619
323,ARFGEF1,BRD7137,All,pancan,-0.578329,0.563042,29,183
324,ARFGEF1,PF-184,All,pancan,0.607482,0.543531,72,607
325,ARFGEF1,ML311,All,pancan,-0.728144,0.466525,78,635
326,ARFGEF1,KIN001-042,All,pancan,-0.311864,0.755144,95,824
327,ARFGEF1,PP-30,All,pancan,1.23974,0.215071,29,183
328,ARFGEF1,BRD-K28456706,All,pancan,-0.0161773,0.987093,75,606
329,ARFGEF1,BRD-K55473186,All,pancan,-0.155073,0.876764,43,418
330,ARFGEF1,Bleomycin (50 uM),All,pancan,1.25006,0.211278,96,833
331,ARFGEF1,BRD-K20514654,All,pancan,-1.38412,0.16632,52,324
332,ARFGEF1,AZD8835,All,pancan,-0.783854,0.433126,98,830
333,ARFGEF1,selumetinib:vorinostat (8:1 mol/mol),All,pancan,-1.64388,0.100201,76,554
334,ARFGEF1,BRD-K16147474,All,pancan,-1.36996,0.170699,73,563
335,ARFGEF1,WT-161,All,pancan,-0.747754,0.454608,29,183
336,ARFGEF1,SR1001,All,pancan,-0.968906,0.332592,73,616
337,ARFGEF1,AZD7969,All,pancan,0.605325,0.544963,98,830
338,ARFGEF1,niclosamide,All,pancan,0.260128,0.794765,76,621
339,ARFGEF1,FMK-PA,All,pancan,1.18892,0.234472,14,101
340,ARFGEF1,CYT-997,All,pancan,-1.20692,0.227461,11,51
341,ARFGEF1,navitoclax:MST-312 (1:1 mol/mol),All,pancan,-1.29704,0.194618,74,601
342,ARFGEF1,4-methylfasudil,All,pancan,-0.754271,0.450687,29,183
343,ARFGEF1,(5Z)-7-Oxozeaenol,All,pancan,-0.155631,0.876324,95,812
344,ARFGEF1,AGK-2,All,pancan,-0.747228,0.454926,81,643
345,ARFGEF1,compound 1B,All,pancan,-0.447624,0.654425,69,606
346,ARFGEF1,navitoclax:birinapant (1:1 mol/mol),All,pancan,-0.37245,0.709558,73,621
347,ARFGEF1,ABT737,All,pancan,0.475698,0.634289,103,898
348,ARFGEF1,Temozolomide,All,pancan,1.10548,0.26895,124,1005
349,ARFGEF1,Paclitaxel,All,pancan,-1.23757,0.215875,116,977
350,ARFGEF1,SNX-2112,All,pancan,-1.84299,0.0653304,121,1000
351,ARFGEF1,QL-XII-61,All,pancan,-0.133673,0.893661,53,417
352,ARFGEF1,MI-2,All,pancan,-0.886936,0.375113,24,317
353,ARFGEF1,Pyrimethamine,All,pancan,-1.21843,0.223062,45,353
354,ARFGEF1,GSK2578215A,All,pancan,-0.235562,0.813772,72,675
355,ARFGEF1,BRD1812,All,pancan,0.831122,0.405905,82,635
356,ARFGEF1,BRD-K16130065,All,pancan,0.0433033,0.96546,30,175
357,ARFGEF1,ML038,All,pancan,-1.03496,0.300689,14,101
358,ARFGEF1,lovastatin acid,All,pancan,-1.22589,0.220242,82,655
359,ARFGEF1,QL-X-138,All,pancan,0.0785077,0.937424,95,818
360,ARFGEF1,BI-2536,All,pancan,-1.48843,0.136638,104,840
361,ARFGEF1,RVX-208,All,pancan,-1.12061,0.262456,71,653
362,ARFGEF1,ML159,All,pancan,-0.0812929,0.935209,19,98
363,ARFGEF1,BRD9647,All,pancan,-0.571531,0.567639,77,628
364,ARFGEF1,brefeldin A,All,pancan,-1.2562,0.209044,75,620
365,ARFGEF1,oligomycin A,All,pancan,-0.72745,0.46695,80,656
366,ARFGEF1,LBH-589,All,pancan,-0.0896353,0.928577,76,632
367,ARFGEF1,TGX-115,All,pancan,0.674705,0.499863,28,183
368,ARFGEF1,BIX-01338,All,pancan,-0.846783,0.397116,14,101
369,ARFGEF1,Gefitinib,All,pancan,-0.249785,0.802753,125,1005
370,ARFGEF1,UNC0642,All,pancan,-0.165938,0.868205,95,809
371,ARFGEF1,Sepantronium bromide,All,pancan,-0.40215,0.687574,120,1002
372,ARFGEF1,Tamoxifen,All,pancan,0.509468,0.610424,123,998
373,ARFGEF1,fumagillol,All,pancan,-0.495227,0.62044,28,183
374,ARFGEF1,ELCPK,All,pancan,-0.276331,0.782294,52,343
375,ARFGEF1,CID 2853753,All,pancan,-0.69924,0.484402,19,99
376,ARFGEF1,Savolitinib,All,pancan,-0.991085,0.321644,72,675
377,ARFGEF1,DMOG,All,pancan,1.52827,0.126445,91,790
378,ARFGEF1,Gemcitabine,All,pancan,-0.3378,0.735514,125,1012
379,ARFGEF1,selumetinib:JQ-1 (4:1 mol/mol),All,pancan,-2.00967,0.0444661,78,605
380,ARFGEF1,Venetoclax,All,pancan,-1.42923,0.152938,88,816
381,ARFGEF1,capsaicin,All,pancan,1.78416,0.0743981,27,170
382,ARFGEF1,JW-7-52-1,All,pancan,0.154653,0.877095,44,353
383,ARFGEF1,kinetin riboside,All,pancan,-0.0276946,0.977906,29,183
384,ARFGEF1,BRD-K64610608,All,pancan,-0.37622,0.706753,70,595
385,ARFGEF1,Amuvatinib,All,pancan,-0.640804,0.52165,95,818
386,ARFGEF1,Bortezomib,All,pancan,0.275864,0.782652,119,972
387,ARFGEF1,Vinblastine,All,pancan,-0.734468,0.462664,100,856
388,ARFGEF1,Sunitinib,All,pancan,0.308301,0.757853,98,810
389,ARFGEF1,ciclosporin,All,pancan,-0.887921,0.374583,82,625
390,ARFGEF1,FH535,All,pancan,0.444928,0.656372,88,785
391,ARFGEF1,Bicalutamide,All,pancan,0.809079,0.41847,101,860
392,ARFGEF1,Compound 23 citrate,All,pancan,-0.176178,0.860154,77,631
393,ARFGEF1,WHI-P97,All,pancan,1.29433,0.19555,94,817
394,ARFGEF1,IPA-3,All,pancan,0.648667,0.516554,88,785
395,ARFGEF1,BRD8418,All,pancan,-1.06923,0.284966,14,82
396,ARFGEF1,BRD8958,All,pancan,-1.62914,0.103283,78,618
397,ARFGEF1,10-DEBC,All,pancan,-1.04218,0.297328,13,68
398,ARFGEF1,CD-1530,All,pancan,0.588049,0.556499,77,610
399,ARFGEF1,JW-7-24-1,All,pancan,0.517082,0.605099,95,818
400,ARFGEF1,clofarabine,All,pancan,-1.45357,0.146067,79,637
401,ARFGEF1,Vismodegib,All,pancan,0.485566,0.627275,104,878
402,ARFGEF1,Avagacestat,All,pancan,0.0565388,0.954913,102,866
403,ARFGEF1,selumetinib:navitoclax (8:1 mol/mol),All,pancan,-1.7221,0.0850509,75,594
404,ARFGEF1,VX-702,All,pancan,1.08394,0.278392,99,844
405,ARFGEF1,MK-8776,All,pancan,-1.03364,0.301304,72,673
406,ARFGEF1,BRD-K34485477,All,pancan,-1.73956,0.0819364,29,167
407,ARFGEF1,LY-2183240,All,pancan,-0.781085,0.434752,82,642
408,ARFGEF1,MGCD-265,All,pancan,-0.526492,0.598546,75,629
409,ARFGEF1,PF-3758309,All,pancan,-2.30221,0.0213236,25,324
410,ARFGEF1,KRAS (G12C) Inhibitor-12,All,pancan,-0.316375,0.751718,71,653
411,ARFGEF1,PLK_6522,All,pancan,0.184507,0.853616,98,830
412,ARFGEF1,SKI-II,All,pancan,0.375204,0.707509,79,626
413,ARFGEF1,RO-3306,All,pancan,0.283271,0.776969,98,845
414,ARFGEF1,StemRegenin 1,All,pancan,-0.927083,0.353884,78,620
415,ARFGEF1,Tubastatin A,All,pancan,-0.959863,0.337124,116,915
416,ARFGEF1,sirolimus:bortezomib (250:1 mol/mol),All,pancan,0.862352,0.388494,78,638
417,ARFGEF1,docetaxel:tanespimycin (2:1 mol/mol),All,pancan,-1.4377,0.150519,77,635
418,ARFGEF1,BRD-K63431240,All,pancan,-0.894421,0.371097,76,633
419,ARFGEF1,BRD-K48334597,All,pancan,0.541697,0.588027,29,175
420,ARFGEF1,Shikonin,All,pancan,2.6972,0.00699244,91,790
421,ARFGEF1,necrostatin-7,All,pancan,2.58608,0.00970747,76,631
422,ARFGEF1,FEN1_3940,All,pancan,0.618874,0.535999,98,830
423,ARFGEF1,brivanib,All,pancan,0.179492,0.857551,74,603
424,ARFGEF1,GANT-58,All,pancan,-1.10651,0.268505,13,68
425,ARFGEF1,BRD-K42260513,All,pancan,-1.45235,0.146403,26,303
426,ARFGEF1,BRD-K11533227,All,pancan,-0.156891,0.875331,73,574
427,ARFGEF1,ethylidene glucose,All,pancan,0.598735,0.549349,14,101
428,ARFGEF1,cucurbitacin I,All,pancan,-0.227374,0.820133,73,606
429,ARFGEF1,BPD-00008900,All,pancan,-0.15685,0.875363,72,675
430,ARFGEF1,SB-225002,All,pancan,0.184942,0.853274,82,663
431,ARFGEF1,BDP-00009066,All,pancan,-1.95114,0.0510399,72,675
432,ARFGEF1,CIL56,All,pancan,2.30146,0.0213659,54,351
433,ARFGEF1,navitoclax:gemcitabine (1:1 mol/mol),All,pancan,0.0469093,0.962586,74,616
434,ARFGEF1,vorinostat:carboplatin (1:1 mol/mol),All,pancan,-0.881785,0.377893,76,612
435,ARFGEF1,"racemic-2,4-dideoxy-DC-45-A2",All,pancan,0.342135,0.73225,14,101
436,ARFGEF1,AZ6102,All,pancan,-0.464146,0.642543,70,671
437,ARFGEF1,neopeltolide,All,pancan,-0.766334,0.443478,49,304
438,ARFGEF1,PHA-793887,All,pancan,-2.14728,0.0317706,119,992
439,ARFGEF1,Rucaparib,All,pancan,1.92336,0.0544354,99,841
440,ARFGEF1,Thalidomide,All,pancan,-0.450205,0.652562,24,316
441,ARFGEF1,Dactolisib,All,pancan,-1.059,0.289602,110,969
442,ARFGEF1,Panobinostat,All,pancan,0.781999,0.434215,103,904
443,ARFGEF1,avrainvillamide,All,pancan,-2.17372,0.0297264,59,520
444,ARFGEF1,necrosulfonamide,All,pancan,-1.48908,0.136467,43,422
445,ARFGEF1,JW-74,All,pancan,-0.44146,0.65888,39,424
446,ARFGEF1,YK-4-279,All,pancan,-1.06225,0.288122,121,983
447,ARFGEF1,6-diazo-5-oxo-L-norleucine,All,pancan,0.375575,0.707233,28,183
448,ARFGEF1,Apitolisib,All,pancan,-0.706183,0.480074,95,824
449,ARFGEF1,ML323,All,pancan,-0.942552,0.34591,71,653
450,ARFGEF1,A-443654,All,pancan,-0.572772,0.566799,44,352
451,ARFGEF1,BRD-K04800985,All,pancan,-0.349025,0.72707,74,612
452,ARFGEF1,LIMK1 inhibitor BMS4,All,pancan,-0.71149,0.476781,95,824
453,ARFGEF1,QL-XII-47,All,pancan,0.301679,0.762897,95,821
454,ARFGEF1,AZD8186,All,pancan,-1.29783,0.194347,99,851
455,ARFGEF1,SR-II-138A,All,pancan,-0.743385,0.457249,83,660
456,ARFGEF1,Dabrafenib,All,pancan,-1.852,0.0640253,103,926
457,ARFGEF1,ULK1_4989,All,pancan,-1.41963,0.155716,73,651
458,ARFGEF1,WZ4003,All,pancan,0.584651,0.558782,71,653
459,ARFGEF1,MI-1,All,pancan,-0.806295,0.420073,74,562
460,ARFGEF1,Daporinad,All,pancan,-1.84583,0.0649163,120,968
461,ARFGEF1,carboplatin:etoposide (40:17 mol/mol),All,pancan,-0.887635,0.374737,75,619
462,ARFGEF1,BX-912,All,pancan,-0.349194,0.726944,95,821
463,ARFGEF1,Piperlongumine,All,pancan,-0.9919,0.321246,123,993
464,ARFGEF1,JAK1_3715,All,pancan,-0.887735,0.374683,96,833
465,ARFGEF1,Compound 7d-cis,All,pancan,-0.0439317,0.964959,68,588
466,ARFGEF1,JAK3_7406,All,pancan,1.12218,0.261785,98,830
467,ARFGEF1,Elesclomol,All,pancan,0.436852,0.662219,99,844
468,ARFGEF1,importazole,All,pancan,1.13215,0.257571,70,600
469,ARFGEF1,dichloroacetic acid,All,pancan,1.54816,0.121584,14,101
470,ARFGEF1,BRD2572,All,pancan,-0.629941,0.528733,14,81
471,ARFGEF1,Ara-G,All,pancan,0.623571,0.532909,94,815
472,ARFGEF1,PAK_5339,All,pancan,-1.8351,0.0664905,73,651
473,ARFGEF1,QL-VIII-58,All,pancan,1.07072,0.284296,57,436
474,ARFGEF1,etomoxir,All,pancan,-0.0499332,0.960176,80,651
475,ARFGEF1,ML050,All,pancan,-1.06262,0.287954,80,647
476,ARFGEF1,HLI 373,All,pancan,-1.6389,0.101234,78,627
477,ARFGEF1,BRD-K90370028,All,pancan,-0.847573,0.396676,25,313
478,ARFGEF1,Navitoclax,All,pancan,-0.77492,0.438387,125,1012
479,ARFGEF1,QL-XI-92,All,pancan,0.89729,0.369564,95,818
480,ARFGEF1,BCL-LZH-4,All,pancan,-1.82292,0.0683151,24,319
481,ARFGEF1,KHS101,All,pancan,0.406451,0.684411,68,600
482,ARFGEF1,Ruxolitinib,All,pancan,-2.09097,0.0365305,122,1007
483,ARFGEF1,JQ-1:vorinostat (2:1 mol/mol),All,pancan,-1.14149,0.253665,76,599
484,ARFGEF1,Telomerase Inhibitor IX,All,pancan,0.252515,0.800643,109,913
485,ARFGEF1,PFI-1,All,pancan,-0.778637,0.436193,97,826
486,ARFGEF1,curcumin,All,pancan,-1.94117,0.0522378,79,638
487,ARFGEF1,"Brivanib, BMS-540215",All,pancan,-0.968247,0.332921,95,824
488,ARFGEF1,BRD-K55116708,All,pancan,-0.693076,0.488262,66,598
489,ARFGEF1,CI-1033,All,pancan,-1.16908,0.242371,95,824
490,ARFGEF1,BRD-K35604418,All,pancan,-0.582686,0.560105,75,618
491,ARFGEF1,GSK591,All,pancan,0.173688,0.862111,70,671
492,ARFGEF1,XMD15-27,All,pancan,0.253609,0.799798,95,818
493,ARFGEF1,AEW541,All,pancan,0.514922,0.606608,41,415
494,ARFGEF1,myricetin,All,pancan,-1.01874,0.308326,69,616
495,ARFGEF1,rigosertib,All,pancan,-0.691028,0.489548,72,602
496,ARFGEF1,CAY10594,All,pancan,-0.0316175,0.974777,79,633
497,ARFGEF1,PF-573228,All,pancan,-1.36989,0.170722,76,626
498,ARFGEF1,bleomycin A2,All,pancan,0.185845,0.852566,75,597
499,ARFGEF1,NSC632839,All,pancan,-0.750313,0.453066,81,653
500,ARFGEF1,UNC1215,All,pancan,-1.39417,0.163265,95,809
501,ARFGEF1,Thapsigargin,All,pancan,0.0312073,0.975104,88,785
502,ARFGEF1,LBW242,All,pancan,-0.829086,0.407055,40,416
503,ARFGEF1,NVP-BHG712,All,pancan,-0.742162,0.457989,94,817
504,ARFGEF1,GDC0810,All,pancan,0.283249,0.776986,72,675
505,ARFGEF1,m-3M3-FBS,All,pancan,0.192773,0.847137,28,183
506,ARFGEF1,ouabain,All,pancan,-0.133736,0.893612,76,643
507,ARFGEF1,IMD-0354,All,pancan,-0.713939,0.475265,95,824
508,ARFGEF1,ETP-45835,All,pancan,-0.167635,0.866871,96,826
509,ARFGEF1,ML162,All,pancan,2.88933,0.00386059,80,647
510,ARFGEF1,PI-103,All,pancan,-0.0097083,0.992254,121,995
511,ARFGEF1,JW-55,All,pancan,-0.828123,0.407601,22,153
512,ARFGEF1,quinoclamine,All,pancan,1.3831,0.166634,29,183
513,ARFGEF1,Gly-Gly-PALO,All,pancan,0.783594,0.433278,29,183
514,ARFGEF1,WZ-1-84,All,pancan,0.307341,0.758584,44,352
515,ARFGEF1,fosfomycin,All,pancan,0.846783,0.397116,14,101
516,ARFGEF1,Cyclopamine,All,pancan,1.08081,0.279783,45,348
517,ARFGEF1,PLX-4032,All,pancan,1.01106,0.31199,74,612
518,ARFGEF1,C-75,All,pancan,-0.236484,0.813057,94,815
519,ARFGEF1,CHIR-99021,All,pancan,0.61625,0.537729,123,1009
520,ARFGEF1,OSI-930,All,pancan,-1.72549,0.0844392,117,960
521,ARFGEF1,PARP_0108,All,pancan,0.607757,0.543349,96,833
522,ARFGEF1,Pelitinib,All,pancan,-0.524892,0.599658,95,818
523,ARFGEF1,orteronel,All,pancan,-0.431547,0.66607,24,160
524,ARFGEF1,Nelarabine,All,pancan,-0.787538,0.430967,102,875
525,ARFGEF1,BMS-754807,All,pancan,0.0559964,0.955345,118,973
526,ARFGEF1,RITA,All,pancan,1.47162,0.141125,81,637
527,ARFGEF1,AZD5438,All,pancan,-2.19683,0.0280329,100,848
528,ARFGEF1,EPZ004777,All,pancan,-1.14034,0.254144,81,715
529,ARFGEF1,BRD2762,All,pancan,-0.695518,0.48673,14,82
530,ARFGEF1,isoliquiritigenin,All,pancan,-0.257141,0.79707,43,247
531,ARFGEF1,HG-5-88-01,All,pancan,0.509159,0.610641,57,436
532,ARFGEF1,Ko-143,All,pancan,-1.16013,0.245996,81,646
533,ARFGEF1,Ch-55,All,pancan,-0.487546,0.625871,75,626
534,ARFGEF1,Compound 1541A,All,pancan,-1.04626,0.295439,79,612
535,ARFGEF1,BRD-K41334119,All,pancan,-1.71214,0.08687,30,175
536,ARFGEF1,BRD-K78574327,All,pancan,-0.617739,0.536748,29,172
537,ARFGEF1,CGP-60474,All,pancan,-0.797689,0.425051,44,352
538,ARFGEF1,BMS-195614,All,pancan,0.811385,0.417144,76,613
539,ARFGEF1,2-bromopyruvate,All,pancan,0.376321,0.706678,29,183
540,ARFGEF1,Trametinib,All,pancan,-1.94666,0.0515755,104,928
541,ARFGEF1,ML006,All,pancan,0.710243,0.477553,79,646
542,ARFGEF1,isoevodiamine,All,pancan,-1.24796,0.212047,81,636
543,ARFGEF1,darinaparsin,All,pancan,-0.887412,0.374857,55,357
544,ARFGEF1,Wee1 Inhibitor,All,pancan,-1.41275,0.15773,96,829
545,ARFGEF1,tacrolimus,All,pancan,0.252592,0.800584,80,617
546,ARFGEF1,AM-580,All,pancan,0.0865433,0.931035,80,632
547,ARFGEF1,JNK Inhibitor VIII,All,pancan,0.67266,0.501164,98,843
548,ARFGEF1,NSC95397,All,pancan,-0.703212,0.481924,77,596
549,ARFGEF1,4-IPP,All,pancan,0.792588,0.428018,25,161
550,ARFGEF1,Picolinici-acid,All,pancan,1.75276,0.0796436,71,653
551,ARFGEF1,SN-38,All,pancan,0.344981,0.730109,119,992
552,ARFGEF1,Selumetinib,All,pancan,-1.71115,0.0870535,125,1021
553,ARFGEF1,Mitoxantrone,All,pancan,0.80453,0.421091,71,653
554,ARFGEF1,Seliciclib,All,pancan,-1.41272,0.157738,45,348
555,ARFGEF1,BRD-K88742110,All,pancan,-0.0396007,0.968412,72,614
556,ARFGEF1,NSC-207895,All,pancan,0.443097,0.657696,94,815
557,ARFGEF1,T-5345967,All,pancan,0.1212,0.903533,74,575
558,ARFGEF1,BMS-299897,All,pancan,1.66281,0.0963507,19,98
559,ARFGEF1,Topotecan,All,pancan,0.862988,0.388144,106,918
560,ARFGEF1,NVP-AUY922,All,pancan,-0.932339,0.351161,25,161
561,ARFGEF1,CI-1040,All,pancan,0.434808,0.663702,99,831
562,ARFGEF1,BRD-K09587429,All,pancan,-1.35516,0.175368,71,555
563,ARFGEF1,Phenformin,All,pancan,-1.60809,0.107815,94,815
564,ARFGEF1,Epirubicin,All,pancan,-1.53345,0.125164,72,675
565,ARFGEF1,TL-1-85,All,pancan,-0.31665,0.751509,94,817
566,ARFGEF1,5-Fluorouracil,All,pancan,-2.05676,0.0397089,102,855
567,ARFGEF1,BRD-K37390332,All,pancan,-1.40147,0.161073,72,599
568,ARFGEF1,CAY10566,All,pancan,-0.80695,0.419695,94,815
569,ARFGEF1,methylstat,All,pancan,-1.53533,0.124702,44,442
570,ARFGEF1,"2,4-dideoxy-DC-45-A2",All,pancan,0.412161,0.680221,29,183
571,ARFGEF1,SU11274,All,pancan,0.0483502,0.961437,119,986
572,ARFGEF1,Embelin,All,pancan,0.567082,0.570659,88,785
573,ARFGEF1,mitomycin,All,pancan,0.606893,0.543922,78,628
574,ARFGEF1,RepSox,All,pancan,1.10338,0.269861,14,101
575,ARFGEF1,Ki8751,All,pancan,0.206916,0.836075,74,600
576,ARFGEF1,BRD4372,All,pancan,-1.29708,0.194602,15,82
577,ARFGEF1,AZD6094,All,pancan,-0.725452,0.468175,96,833
578,ARFGEF1,BRD6430,All,pancan,0.408562,0.682861,72,625
579,ARFGEF1,ML013,All,pancan,-0.0601322,0.95205,28,182
580,ARFGEF1,Dinaciclib,All,pancan,-1.47674,0.139746,79,779
581,ARFGEF1,STF-62247,All,pancan,0.532297,0.59452,94,815
582,ARFGEF1,Crizotinib,All,pancan,-0.311014,0.75579,119,974
583,ARFGEF1,Flutamide,All,pancan,0.373632,0.708678,18,98
584,ARFGEF1,ML320,All,pancan,-0.638405,0.52321,72,597
585,ARFGEF1,BRD0713,All,pancan,0.456758,0.647845,14,82
586,ARFGEF1,GSK1059615,All,pancan,-0.93163,0.351528,107,936
587,ARFGEF1,CIL41,All,pancan,2.16805,0.0301552,54,354
588,ARFGEF1,BRD-K97651142,All,pancan,-0.943809,0.345267,73,602
589,ARFGEF1,fatostatin,All,pancan,-0.428452,0.668322,29,183
590,ARFGEF1,Pevonedistat,All,pancan,-1.22752,0.219629,119,968
591,ARFGEF1,C6-ceramide,All,pancan,-0.822878,0.410578,77,640
592,ARFGEF1,CZC24832,All,pancan,-0.520719,0.602563,71,653
593,ARFGEF1,silmitasertib,All,pancan,0.220327,0.825617,72,589
594,ARFGEF1,FGIN-1-27,All,pancan,-0.428388,0.668369,45,251
595,ARFGEF1,panduratin A,All,pancan,-0.342338,0.732096,28,183
596,ARFGEF1,LE-135,All,pancan,-0.654355,0.512883,80,639
597,ARFGEF1,FTY-720,All,pancan,1.15172,0.249436,94,815
598,ARFGEF1,PRIMA-1MET,All,pancan,-0.994392,0.320032,98,780
599,ARFGEF1,BRD1566,All,pancan,0.138197,0.890084,11,51
600,ARFGEF1,AS605240,All,pancan,0.137015,0.891019,95,821
601,ARFGEF1,AZD4547,All,pancan,-0.275963,0.782577,122,987
602,ARFGEF1,Osimertinib,All,pancan,0.800911,0.423183,72,675
603,ARFGEF1,austocystin D,All,pancan,-0.0317303,0.974687,72,595
604,ARFGEF1,LJI308,All,pancan,-0.778663,0.436179,70,671
605,ARFGEF1,ML214,All,pancan,-1.02931,0.303333,13,68
606,ARFGEF1,CBB-1007,All,pancan,-0.18956,0.849654,24,316
607,ARFGEF1,BRD-K27188169:navitoclax (2:1 mol/mol),All,pancan,-1.73691,0.0824031,49,285
608,ARFGEF1,N5-iminoethyl-L-ornithine,All,pancan,0.624396,0.532368,14,101
609,ARFGEF1,fluorouracil,All,pancan,-0.946726,0.343778,79,624
610,ARFGEF1,NU7441,All,pancan,0.241733,0.808987,97,845
611,ARFGEF1,itraconazole,All,pancan,-0.893187,0.371757,80,622
612,ARFGEF1,Bax channel blocker,All,pancan,-0.572616,0.566905,76,590
613,ARFGEF1,Genentech Cpd 10,All,pancan,0.263585,0.7921,95,821
614,ARFGEF1,Nutlin-3a,All,pancan,-0.0413722,0.966999,125,1021
615,ARFGEF1,Cetuximab,All,pancan,0.757701,0.44863,93,779
616,ARFGEF1,SL0101,All,pancan,0.474104,0.635426,98,828
617,ARFGEF1,BRD-K52037352,All,pancan,-0.869436,0.384609,71,542
618,ARFGEF1,Dacarbazine,All,pancan,-0.929443,0.352659,76,624
619,ARFGEF1,indisulam,All,pancan,-0.585703,0.558075,79,616
620,ARFGEF1,BRD-K50799972,All,pancan,-0.598969,0.549194,77,614
621,ARFGEF1,pyrazolanthrone,All,pancan,-1.69981,0.0891675,77,639
622,ARFGEF1,tamatinib,All,pancan,-1.50342,0.132731,80,630
623,ARFGEF1,triacsin C,All,pancan,0.698882,0.484626,29,183
624,ARFGEF1,KU-55933,All,pancan,-1.48545,0.137425,122,997
625,ARFGEF1,BRD-K86535717,All,pancan,-0.928866,0.352959,29,175
626,ARFGEF1,Camptothecin,All,pancan,-0.195002,0.845391,81,722
627,ARFGEF1,MK-0752,All,pancan,-0.352589,0.724397,77,611
628,ARFGEF1,MIRA-1,All,pancan,0.252478,0.800671,90,835
629,ARFGEF1,sparfosic acid,All,pancan,-0.146242,0.883731,28,183
630,ARFGEF1,Niraparib,All,pancan,-0.356162,0.72172,73,651
631,ARFGEF1,endo-IWR-1,All,pancan,-1.24697,0.21241,18,97
632,ARFGEF1,BRD1835,All,pancan,1.73816,0.0821829,75,603
633,ARFGEF1,Bosutinib,All,pancan,-0.882171,0.377685,123,996
634,ARFGEF1,Lapatinib,All,pancan,0.240978,0.809572,117,970
635,ARFGEF1,VNLG-124,All,pancan,0.341035,0.733077,94,815
636,ARFGEF1,AT7867,All,pancan,-1.39479,0.163078,122,987
637,ARFGEF1,N-oxalyl-D-phenylalanine,All,pancan,0.70214,0.482592,29,183
638,ARFGEF1,Buparlisib,All,pancan,-1.66847,0.0952225,72,675
639,ARFGEF1,PX-12,All,pancan,-0.242045,0.808745,77,617
640,ARFGEF1,Tozasertib,All,pancan,0.48971,0.624339,68,531
641,ARFGEF1,blebbistatin,All,pancan,0.807205,0.419548,48,301
642,ARFGEF1,KIN001-244,All,pancan,-1.09731,0.272507,94,817
643,ARFGEF1,BRD-K85133207,All,pancan,-0.97396,0.330077,74,609
644,ARFGEF1,DL-TBOA,All,pancan,0.0244364,0.980505,29,183
645,ARFGEF1,Leflunomide,All,pancan,-1.86697,0.0619057,73,651
646,ARFGEF1,XMD14-99,All,pancan,-1.90885,0.0562817,95,818
647,ARFGEF1,Y-39983,All,pancan,0.117554,0.906421,94,817
648,ARFGEF1,Alectinib,All,pancan,1.01156,0.31175,95,818
649,ARFGEF1,PLX-4720,All,pancan,0.336107,0.73679,125,1022
650,ARFGEF1,AGI-6780,All,pancan,-2.32575,0.0200318,102,849
651,ARFGEF1,CAY10618,All,pancan,-0.753631,0.451071,78,645
652,ARFGEF1,RU-SKI 43,All,pancan,-1.35169,0.176473,94,815
653,ARFGEF1,Olaparib,All,pancan,0.605179,0.54506,125,1014
654,ARFGEF1,ARRY-520,All,pancan,-0.729782,0.465524,94,815
655,ARFGEF1,PF-750,All,pancan,-1.78512,0.0742422,78,593
656,ARFGEF1,decitabine:navitoclax (2:1 mol/mol),All,pancan,-0.708724,0.478496,74,617
657,ARFGEF1,tipifarnib-P2,All,pancan,0.179332,0.857677,60,402
658,ARFGEF1,PARP_9482,All,pancan,0.750759,0.452798,96,833
659,ARFGEF1,AZD1332,All,pancan,0.065646,0.94766,100,848
660,ARFGEF1,aspirin,All,pancan,0.222387,0.824012,14,101
661,ARFGEF1,A-804598,All,pancan,0.472739,0.636399,45,432
662,ARFGEF1,AZD5363,All,pancan,-1.64434,0.100106,72,675
663,ARFGEF1,Dyrk1b_0191,All,pancan,0.43357,0.6646,98,830
664,ARFGEF1,SCH-79797,All,pancan,-1.25585,0.209172,83,657
665,ARFGEF1,Epothilone B,All,pancan,1.4284,0.153175,88,785
666,ARFGEF1,SMER-3,All,pancan,2.70037,0.0069262,68,537
667,ARFGEF1,ACY-1215,All,pancan,-0.520861,0.602463,95,824
668,ARFGEF1,AZ960,All,pancan,0.385079,0.700179,73,651
669,ARFGEF1,BMS-270394,All,pancan,-0.177427,0.859173,76,630
670,ARFGEF1,Bleomycin,All,pancan,0.278637,0.780523,88,785
671,ARFGEF1,PIK-93,All,pancan,-0.418556,0.675541,117,989
672,ARFGEF1,sildenafil,All,pancan,-0.624263,0.532455,81,628
673,ARFGEF1,BRD9571,All,pancan,-0.694786,0.487189,13,68
674,ARFGEF1,ABH,All,pancan,0.504648,0.613806,14,101
675,ARFGEF1,CHM-1,All,pancan,-0.842095,0.399734,77,640
676,ARFGEF1,NVP-231,All,pancan,0.375851,0.707028,72,626
677,ARFGEF1,Ulixertinib,All,pancan,-1.44207,0.149282,73,683
678,ARFGEF1,IWP-2,All,pancan,0.222746,0.823733,75,658
679,ARFGEF1,ML007,All,pancan,-0.412161,0.680221,29,183
680,ARFGEF1,necrostatin-1,All,pancan,-0.137898,0.890321,75,623
681,ARFGEF1,ETP-46464,All,pancan,-1.22949,0.218888,44,444
682,ARFGEF1,968,All,pancan,0.186357,0.852165,29,172
683,ARFGEF1,RG-108,All,pancan,-0.89407,0.371284,79,651
684,ARFGEF1,Omipalisib,All,pancan,-0.403226,0.686782,95,818
685,ARFGEF1,AS601245,All,pancan,1.30937,0.190409,88,785
686,ARFGEF1,2-deoxyglucose,All,pancan,-0.094087,0.92504,14,101
687,ARFGEF1,BRD-K48477130,All,pancan,-0.399843,0.689272,24,299
688,ARFGEF1,simvastatin,All,pancan,-3.20201,0.00136473,70,604
689,ARFGEF1,Rapamycin,All,pancan,0.537182,0.591142,119,973
690,ARFGEF1,SCH-529074,All,pancan,0.00654332,0.994779,75,605
691,ARFGEF1,JQ-1:carboplatin (1:1 mol/mol),All,pancan,-0.422275,0.672824,70,594
692,ARFGEF1,Podophyllotoxin bromide,All,pancan,-0.359992,0.718853,71,653
693,ARFGEF1,ML039,All,pancan,-0.265154,0.790891,14,101
694,ARFGEF1,penfluridol,All,pancan,-1.74983,0.0801472,13,68
695,ARFGEF1,BRD-K45681478,All,pancan,1.38119,0.167222,73,604
696,ARFGEF1,SGC0946,All,pancan,1.07683,0.281554,95,809
697,ARFGEF1,CCT-018159,All,pancan,-0.477756,0.632824,99,835
698,ARFGEF1,selumetinib:BRD-A02303741 (4:1 mol/mol),All,pancan,-1.63746,0.101535,77,619
699,ARFGEF1,Gallibiscoquinazole,All,pancan,0.597796,0.549976,71,653
700,ARFGEF1,Kobe2602,All,pancan,-0.0186698,0.985105,94,815
701,ARFGEF1,batimastat,All,pancan,0.874824,0.38167,29,183
702,ARFGEF1,fumonisin B1,All,pancan,-0.158759,0.873859,78,646
703,ARFGEF1,ML203,All,pancan,0.298693,0.765175,82,636
704,ARFGEF1,Mdivi-1,All,pancan,0.352941,0.724132,76,619
705,ARFGEF1,WP1130,All,pancan,-1.23132,0.218203,73,605
706,ARFGEF1,Pictilisib,All,pancan,-0.638758,0.522981,125,1006
707,ARFGEF1,AZD8931,All,pancan,-0.810553,0.417622,98,830
708,ARFGEF1,UNC0638,All,pancan,-0.592014,0.553841,124,1016
709,ARFGEF1,JNK-9L,All,pancan,1.11499,0.264855,91,790
710,ARFGEF1,AZD5153,All,pancan,-1.98795,0.0468168,73,651
711,ARFGEF1,SCH772984,All,pancan,-0.619077,0.535866,81,718
712,ARFGEF1,zileuton,All,pancan,-0.0398841,0.968186,28,183
713,ARFGEF1,HG-5-113-01,All,pancan,-0.210584,0.833212,57,436
714,ARFGEF1,leucascandrolide A,All,pancan,-1.04425,0.29637,29,183
715,ARFGEF1,fingolimod,All,pancan,1.09099,0.275275,74,618
716,ARFGEF1,ML101,All,pancan,0.0371233,0.970387,26,170
717,ARFGEF1,EHT-1864,All,pancan,-0.956931,0.338602,97,840
718,ARFGEF1,cimetidine,All,pancan,-0.388508,0.69764,29,176
719,ARFGEF1,CDK9_5038,All,pancan,-1.66219,0.0964756,73,651
720,ARFGEF1,NSC319726,All,pancan,0.908537,0.363595,95,812
721,ARFGEF1,AR-42,All,pancan,-0.704889,0.480879,94,815
722,ARFGEF1,PARP_9495,All,pancan,1.96949,0.0488973,96,833
723,ARFGEF1,BRD-K79669418,All,pancan,0.901704,0.367214,51,319
724,ARFGEF1,rotenone,All,pancan,-0.418677,0.675452,29,183
725,ARFGEF1,Cabozantinib,All,pancan,-0.490378,0.623866,120,984
726,ARFGEF1,Sphingosine Kinase 1 Inhibitor II,All,pancan,1.11036,0.266846,120,993
727,ARFGEF1,DC-45-A2,All,pancan,1.1648,0.244099,29,183
728,ARFGEF1,alvocidib,All,pancan,-3.22105,0.0012772,25,320
729,ARFGEF1,Quizartinib,All,pancan,-0.113165,0.9099,119,987
730,ARFGEF1,PD173074,All,pancan,-1.58954,0.111938,99,854
731,ARFGEF1,CHEMBL399379,All,pancan,-0.239304,0.81087,28,183
732,ARFGEF1,(-)-gallocatechin-3-monogallate,All,pancan,0.182802,0.854953,28,183
733,ARFGEF1,MDV-3100,All,pancan,-0.437458,0.661779,13,68
734,ARFGEF1,GNF-2,All,pancan,1.13297,0.257227,44,352
735,ARFGEF1,XMD8-85,All,pancan,-0.711241,0.476935,45,348
736,ARFGEF1,Compound 4,All,pancan,-1.44175,0.149373,29,183
737,ARFGEF1,AT13148,All,pancan,-0.676562,0.498684,70,671
738,ARFGEF1,CR-1-31B,All,pancan,0.438065,0.661339,80,645
739,ARFGEF1,pandacostat,All,pancan,-1.23272,0.217681,71,606
740,ARFGEF1,YM-022,All,pancan,-1.36854,0.171144,14,101
741,ARFGEF1,SB-743921,All,pancan,-0.884668,0.376336,78,640
742,ARFGEF1,BRD6340,All,pancan,-0.807821,0.419194,79,640
743,ARFGEF1,istradefylline,All,pancan,-0.0967743,0.922906,25,313
744,ARFGEF1,AZD5582,All,pancan,0.0244086,0.980527,99,850
745,ARFGEF1,selumetinib:UNC0638 (4:1 mol/mol),All,pancan,-2.44819,0.0143576,76,619
746,ARFGEF1,vorapaxar,All,pancan,-0.0920729,0.92664,76,610
747,ARFGEF1,BRD5802,All,pancan,-0.581329,0.561019,14,82
748,ARFGEF1,BRD-K51831558,All,pancan,-0.0132064,0.989463,24,309
749,ARFGEF1,Cediranib,All,pancan,-0.488967,0.624865,80,789
750,ARFGEF1,bovinocidin,All,pancan,1.53105,0.125757,14,101
751,ARFGEF1,FSC231,All,pancan,-1.38302,0.166659,30,174
752,ARFGEF1,GSK650394,All,pancan,0.297807,0.76585,88,785
753,ARFGEF1,BRD-K99006945,All,pancan,-1.65921,0.0970736,24,321
754,ARFGEF1,BRD-K27986637,All,pancan,-1.6216,0.10489,29,176
755,ARFGEF1,BRD4479,All,pancan,0.347393,0.728296,13,68
756,ARFGEF1,IGF1R_3801,All,pancan,0.576291,0.564418,73,651
757,ARFGEF1,BRD2296,All,pancan,-1.55684,0.119509,13,68
758,ARFGEF1,Obatoclax Mesylate,All,pancan,-0.0589966,0.952955,121,995
759,ARFGEF1,Parthenolide,All,pancan,1.85387,0.0637581,102,810
760,ARFGEF1,Serdemetan,All,pancan,-0.12043,0.904143,125,995
761,ARFGEF1,T0901317,All,pancan,-0.60751,0.543512,95,818
762,ARFGEF1,crizotinib:PLX-4032 (2:1 mol/mol),All,pancan,-0.85953,0.390048,75,613
763,ARFGEF1,TG-100-115,All,pancan,-0.370215,0.711222,76,627
764,ARFGEF1,GMX-1778,All,pancan,0.12643,0.899392,80,653
765,ARFGEF1,Vorinostat,All,pancan,-0.272388,0.785323,124,1014
766,ARFGEF1,Ipatasertib,All,pancan,-0.0925012,0.9263,72,675
767,ARFGEF1,Belinostat,All,pancan,-0.00983333,0.992154,100,902
768,ARFGEF1,MLN2238,All,pancan,0.717106,0.473309,79,640
769,ARFGEF1,BRD4046,All,pancan,-1.11075,0.266675,14,82
770,ARFGEF1,ERK_6604,All,pancan,-0.799962,0.423733,73,651
771,ARFGEF1,chaetocin,All,pancan,-0.691918,0.488989,19,99
772,ARFGEF1,BRD-A94377914,All,pancan,-0.202361,0.839634,52,314
773,ARFGEF1,CCT007093,All,pancan,0.564649,0.572313,97,840
774,ARFGEF1,IC-87114,All,pancan,-0.608657,0.542752,122,993
775,ARFGEF1,GW843682X,All,pancan,-0.850127,0.395254,101,803
776,ARFGEF1,PF-00299804,All,pancan,-1.0205,0.307493,95,824
777,ARFGEF1,TW 37,All,pancan,0.0526822,0.957985,122,994
778,ARFGEF1,Lenalidomide,All,pancan,0.3905,0.696167,104,878
779,ARFGEF1,KPT185,All,pancan,-1.98274,0.0473967,47,465
780,ARFGEF1,Cytarabine,All,pancan,-2.04419,0.0409352,100,856
781,ARFGEF1,Afuresertib,All,pancan,-1.70007,0.0891179,72,675
782,ARFGEF1,GSK2636771,All,pancan,-1.46443,0.143076,47,460
783,ARFGEF1,tretinoin:navitoclax (4:1 mol/mol),All,pancan,-0.623722,0.53281,75,615
784,ARFGEF1,FQI-1,All,pancan,-0.70554,0.480474,54,361
785,ARFGEF1,Bexarotene,All,pancan,0.707058,0.479531,115,962
786,ARFGEF1,RS-23597-190,All,pancan,-0.907393,0.364199,18,98
787,ARFGEF1,FGFR_0939,All,pancan,-0.355065,0.722541,98,830
788,ARFGEF1,procarbazine,All,pancan,-1.0163,0.309485,70,575
789,ARFGEF1,Nilotinib,All,pancan,-0.221362,0.824811,124,1020
790,ARFGEF1,idarubicin,All,pancan,-0.39587,0.692201,29,183
791,ARFGEF1,P22077,All,pancan,0.550411,0.582037,72,675
792,ARFGEF1,7-nitroindazole,All,pancan,0.378899,0.704763,28,183
793,ARFGEF1,ML334 diastereomer,All,pancan,0.340288,0.73364,43,452
794,ARFGEF1,betulinic acid,All,pancan,0.59299,0.553188,70,619
795,ARFGEF1,BRD-K19103580,All,pancan,0.593622,0.552765,75,611
796,ARFGEF1,PF-4708671,All,pancan,-0.640735,0.521695,99,839
797,ARFGEF1,CMK,All,pancan,0.212345,0.831838,44,352
798,ARFGEF1,skepinone-L,All,pancan,-1.01392,0.310621,24,319
799,ARFGEF1,PL-DI,All,pancan,-1.38938,0.164717,77,610
800,ARFGEF1,LCL161,All,pancan,-1.34514,0.178579,103,846
801,ARFGEF1,tretinoin:carboplatin (2:1 mol/mol),All,pancan,-0.291765,0.770467,75,602
802,ARFGEF1,BRD-K34099515,All,pancan,-0.851277,0.394616,30,162
803,ARFGEF1,abiraterone,All,pancan,1.43731,0.150631,20,137
804,ARFGEF1,NPC-26,All,pancan,0.511812,0.608783,72,617
805,ARFGEF1,fluoropyruvate,All,pancan,2.29333,0.0218288,28,183
806,ARFGEF1,SB505124,All,pancan,-0.378213,0.705273,102,865
807,ARFGEF1,WAY-362450,All,pancan,0.508125,0.611365,77,633
808,ARFGEF1,momelotinib,All,pancan,-1.33639,0.181421,77,592
809,ARFGEF1,CHEMBL1222381,All,pancan,-0.45192,0.651327,80,654
810,ARFGEF1,AZD8055,All,pancan,0.872899,0.382718,124,1001
811,ARFGEF1,zebularine,All,pancan,-1.02175,0.306897,82,655
812,ARFGEF1,rosiglitazone,All,pancan,0.548406,0.583413,28,183
813,ARFGEF1,ML210,All,pancan,2.53563,0.0112244,78,631
814,ARFGEF1,BMS-509744,All,pancan,-0.905626,0.365134,44,353
815,ARFGEF1,triptolide,All,pancan,-2.02845,0.0425146,82,653
816,ARFGEF1,JZL-184,All,pancan,-0.562038,0.57409,29,183
817,ARFGEF1,SNS-032,All,pancan,-1.57381,0.115532,69,583
818,ARFGEF1,GNE-317,All,pancan,-1.53058,0.125873,72,675
819,ARFGEF1,ML258,All,pancan,-0.868682,0.385021,75,628
820,ARFGEF1,JAK1_8709,All,pancan,-1.07852,0.280803,73,651
821,ARFGEF1,Uprosertib,All,pancan,-0.855984,0.392007,80,718
822,ARFGEF1,BRD4132,All,pancan,-0.53897,0.589908,73,614
823,ARFGEF1,alpha-cyano-4-hydroxycinnamic acid,All,pancan,-0.99219,0.321105,14,101
824,ARFGEF1,tipifarnib-P1,All,pancan,0.0805806,0.935776,80,648
825,ARFGEF1,BRD-K61166597,All,pancan,-0.618123,0.536494,75,576
826,ARFGEF1,Cyclophosphamide,All,pancan,2.19991,0.0278135,99,792
827,ARFGEF1,OSI-027,All,pancan,0.696271,0.486259,124,996
828,ARFGEF1,carbamazepine,All,pancan,-0.764693,0.444454,11,51
829,ARFGEF1,CIL70,All,pancan,2.37029,0.0177744,55,357
830,ARFGEF1,Selisistat,All,pancan,0.265381,0.790716,119,975
831,ARFGEF1,BMS-191011,All,pancan,0.59462,0.552098,29,183
832,ARFGEF1,BRD-K84807411,All,pancan,-2.74243,0.00609871,30,177
833,ARFGEF1,3-Cl-AHPC,All,pancan,1.04089,0.297926,74,634
834,ARFGEF1,Acetalax,All,pancan,-0.703553,0.481711,71,653
835,ARFGEF1,NSC 74859,All,pancan,-0.908724,0.363496,78,635
836,ARFGEF1,BRD-K44224150,All,pancan,-1.24157,0.214395,30,166
837,ARFGEF1,pitstop2,All,pancan,-0.157048,0.875207,43,436
838,ARFGEF1,P-0850,All,pancan,0.800574,0.423379,25,161
839,ARFGEF1,AZD2014,All,pancan,-0.624796,0.532105,100,848
840,ARFGEF1,OTX015,All,pancan,-1.42055,0.155448,71,653
841,ARFGEF1,BRD-K03536150,All,pancan,-1.30188,0.192958,72,603
842,ARFGEF1,VE821,All,pancan,-1.14423,0.252529,70,671
843,ARFGEF1,Doramapimod,All,pancan,-0.11881,0.905426,122,983
844,ARFGEF1,BRD1429,All,pancan,0.598856,0.549269,11,51
845,ARFGEF1,AMG-319,All,pancan,-0.607279,0.543666,72,673
846,ARFGEF1,SGX-523,All,pancan,-0.499068,0.617732,78,625
847,ARFGEF1,minoxidil,All,pancan,-1.51824,0.128955,13,68
848,ARFGEF1,"CAP-232, TT-232, TLN-232",All,pancan,1.9819,0.0474901,94,815
849,ARFGEF1,Merck60,All,pancan,-0.846666,0.397181,82,656
850,ARFGEF1,neratinib,All,pancan,-0.6345,0.525755,81,656
851,ARFGEF1,16-beta-bromoandrosterone,All,pancan,0.323985,0.745949,80,623
852,ARFGEF1,BRD-K94991378,All,pancan,2.29847,0.0215348,64,578
853,ARFGEF1,Pemetrexed,All,pancan,0.618306,0.536374,99,854
854,ARFGEF1,palmostatin B,All,pancan,-0.766857,0.443167,46,436
855,ARFGEF1,BRD-K09344309,All,pancan,-0.687088,0.492028,22,148
856,ARFGEF1,EphB4_9721,All,pancan,0.767117,0.443012,98,830
857,ARFGEF1,VSP34_8731,All,pancan,-2.38395,0.0171279,73,651
858,ARFGEF1,eflornithine,All,pancan,-1.12049,0.262505,14,101
859,ARFGEF1,ciclopirox,All,pancan,0.43868,0.660893,75,636
860,ARFGEF1,COL-3,All,pancan,-0.83155,0.405663,45,461
861,ARFGEF1,Ro-28-1675,All,pancan,-0.335691,0.737104,28,183
862,ARFGEF1,BRD9658,All,pancan,-1.42218,0.154974,14,82
863,ARFGEF1,BRD-A02303741:navitoclax (2:1 mol/mol),All,pancan,-0.310582,0.756119,69,587
864,ARFGEF1,BMS-345541,All,pancan,-2.22511,0.0260741,120,1001
865,ARFGEF1,isonicotinohydroxamic acid,All,pancan,0.142022,0.887062,44,423
866,ARFGEF1,piperlongumine:MST-312 (1:1 mol/mol),All,pancan,-0.736402,0.461486,69,568
867,ARFGEF1,BRD-K29086754,All,pancan,-1.62252,0.104691,29,167
868,ARFGEF1,NSC30930,All,pancan,-0.121766,0.903084,77,630
869,ARFGEF1,BRD-K66453893,All,pancan,-1.22863,0.219209,75,617
870,ARFGEF1,pluripotin,All,pancan,-0.7545,0.450549,80,647
871,ARFGEF1,IOX2,All,pancan,0.192445,0.847394,97,826
872,ARFGEF1,cerulenin,All,pancan,0.103573,0.917508,80,645
873,ARFGEF1,GSK4112,All,pancan,-0.35498,0.722605,76,632
874,ARFGEF1,AZD6738,All,pancan,0.118617,0.905578,99,851
875,ARFGEF1,BRD-K27188169,All,pancan,-2.75895,0.0057987,51,323
876,ARFGEF1,barasertib,All,pancan,0.00513996,0.995899,77,615
877,ARFGEF1,BRD-K03911514,All,pancan,0.512989,0.607959,51,322
878,ARFGEF1,JQ-1:UNC0638 (2:1 mol/mol),All,pancan,0.0973065,0.922483,70,574
879,ARFGEF1,Vinorelbine,All,pancan,0.475102,0.634714,99,837
880,ARFGEF1,IRAK4_4710,All,pancan,0.105344,0.916103,73,651
881,ARFGEF1,WEHI-539,All,pancan,-0.425736,0.670301,72,675
882,ARFGEF1,BRD-A02303741:carboplatin (1:1 mol/mol),All,pancan,1.07814,0.28097,73,612
883,ARFGEF1,Compound 11e,All,pancan,-1.90423,0.0568803,13,68
884,ARFGEF1,ML100,All,pancan,-1.16999,0.242004,18,97
885,ARFGEF1,PHA-665752,All,pancan,-1.47416,0.140438,74,680
886,ARFGEF1,MK-1775,All,pancan,-1.63985,0.101036,109,911
887,ARFGEF1,ERK_2440,All,pancan,-0.915633,0.359859,73,651
888,ARFGEF1,YL54,All,pancan,-0.418461,0.67561,70,577
889,ARFGEF1,R428,All,pancan,-1.84461,0.0650949,47,449
890,ARFGEF1,AC55649,All,pancan,-0.592352,0.553615,82,634
891,ARFGEF1,BRD-K02251932,All,pancan,-0.417031,0.676656,69,576
892,ARFGEF1,Lestaurtinib,All,pancan,-0.459474,0.645894,99,844
893,ARFGEF1,NVP-ADW742,All,pancan,0.0437127,0.965133,105,892
894,ARFGEF1,DBeQ,All,pancan,0.87426,0.381977,75,616
895,ARFGEF1,AZD1480,All,pancan,-1.95547,0.0505274,101,909
896,ARFGEF1,PAC-1,All,pancan,-0.99843,0.318071,116,965
897,ARFGEF1,doxorubicin:navitoclax (2:1 mol/mol),All,pancan,-0.675726,0.499215,76,623
898,ARFGEF1,JQ-1:navitoclax (2:1 mol/mol),All,pancan,-1.19985,0.230198,75,629
899,ARFGEF1,lonidamine,All,pancan,0.608232,0.543034,28,183
900,ARFGEF1,TTK_3146,All,pancan,-0.362238,0.717174,98,830
901,ARFGEF1,fluvastatin,All,pancan,-1.49574,0.134721,74,610
902,ARFGEF1,AZD7762,All,pancan,-0.294517,0.768363,123,1012
903,ARFGEF1,sitagliptin,All,pancan,-2.1313,0.0330648,27,165
904,ARFGEF1,3-chloro-L-alanine,All,pancan,-1.35378,0.175807,29,183
905,ARFGEF1,Dactinomycin,All,pancan,-1.99695,0.0458305,80,716
906,ARFGEF1,NSC48300,All,pancan,-1.04652,0.295323,77,627
907,ARFGEF1,SB216763,All,pancan,0.110627,0.911912,94,771
908,ARFGEF1,PD318088,All,pancan,-2.33735,0.019421,79,638
909,ARFGEF1,Repligen 136,All,pancan,-0.794258,0.427045,64,561
910,ARFGEF1,BRD-K96431673,All,pancan,-0.756142,0.449564,30,175
911,ARFGEF1,azacitidine,All,pancan,-0.389857,0.696642,72,596
912,ARFGEF1,CI-976,All,pancan,1.08469,0.278061,76,633
913,ARFGEF1,selumetinib:GDC-0941 (4:1 mol/mol),All,pancan,-0.876414,0.380805,74,622
914,ARFGEF1,selumetinib:decitabine (4:1 mol/mol),All,pancan,-2.93323,0.00335461,68,574
915,ARFGEF1,vorinostat:navitoclax (4:1 mol/mol),All,pancan,-0.757127,0.448974,71,593
916,ARFGEF1,PRL-3 Inhibitor I,All,pancan,-0.0261096,0.97917,81,631
917,ARFGEF1,cytosporone B,All,pancan,1.16154,0.245421,29,183
918,ARFGEF1,nifedipine,All,pancan,-0.294866,0.768096,29,183
919,ARFGEF1,BRD-K80183349,All,pancan,-0.461521,0.644425,75,614
920,ARFGEF1,carboplatin:UNC0638 (2:1 mol/mol),All,pancan,-1.06387,0.287387,74,581
921,ARFGEF1,Torin 2,All,pancan,-0.833133,0.40477,95,824
922,ARFGEF1,SZ4TA2,All,pancan,-0.914223,0.3606,24,318
923,ARFGEF1,GW441756,All,pancan,0.0475856,0.962047,99,844
924,ARFGEF1,BRD-K34222889,All,pancan,-0.994377,0.320039,75,622
925,ARFGEF1,GSK2606414,All,pancan,0.579274,0.562405,71,653
926,ARFGEF1,Compound 2,All,pancan,0.384901,0.700311,14,101
927,ARFGEF1,Sinularin,All,pancan,0.469334,0.638831,71,653
928,ARFGEF1,Flavopiridol,All,pancan,-1.13429,0.256671,94,815
929,ARFGEF1,Irinotecan,All,pancan,0.641763,0.521027,89,789
930,ARFGEF1,tyrphostin AG-1478,All,pancan,-0.571886,0.567399,18,98
931,ARFGEF1,GSK319347A,All,pancan,1.0822,0.279162,45,353
932,ARFGEF1,AICA Ribonucleotide,All,pancan,-0.0830798,0.933788,99,844
933,ARFGEF1,PRIMA-1,All,pancan,1.02753,0.304172,79,614
934,ARFGEF1,Fedratinib,All,pancan,-2.05146,0.0402221,121,992
935,ARFGEF1,BRD-K92856060,All,pancan,0.437788,0.66154,68,594
936,ARFGEF1,O-6-benzylguanine,All,pancan,-0.225074,0.821922,22,307
937,ARFGEF1,JQ-1:MK-0752 (1:1 mol/mol),All,pancan,-0.777002,0.437158,74,599
938,ARFGEF1,BRD-K13185470,All,pancan,-1.76861,0.0769593,29,174
939,ARFGEF1,ML312,All,pancan,-1.01005,0.31247,29,163
940,ARFGEF1,CP466722,All,pancan,-0.694907,0.487114,95,821
941,ARFGEF1,BRD-K70511574,All,pancan,-0.648328,0.516773,74,617
942,ARFGEF1,bardoxolone methyl,All,pancan,0.380934,0.703253,66,554
943,ARFGEF1,KX2-391,All,pancan,-1.4962,0.134601,77,609
944,ARFGEF1,HC-067047,All,pancan,0.931557,0.351566,72,600
945,ARFGEF1,TKI258,All,pancan,0.079323,0.936776,41,416
946,ARFGEF1,GSK461364,All,pancan,-1.09192,0.27487,79,608
947,ARFGEF1,Luminespib,All,pancan,0.12038,0.904183,100,843
948,ARFGEF1,HG6-64-1,All,pancan,1.10107,0.270867,91,790
949,ARFGEF1,Linifanib,All,pancan,-1.15814,0.246807,121,992
950,ARFGEF1,LDN-193189,All,pancan,0.458229,0.646788,100,846
951,ARFGEF1,phloretin,All,pancan,-0.344917,0.730157,82,633
952,ARFGEF1,DG-041,All,pancan,0.734949,0.46237,28,182
953,ARFGEF1,I-BET-762,All,pancan,-1.9718,0.0486321,124,1003
954,ARFGEF1,XL765,All,pancan,0.693902,0.487744,72,607
955,ARFGEF1,WIKI4,All,pancan,-0.493531,0.621637,72,675
956,ARFGEF1,Afatinib,All,pancan,-0.888934,0.374039,119,995
957,ARFGEF1,Fludarabine,All,pancan,-0.943149,0.345605,71,653
958,ARFGEF1,CGP-082996,All,pancan,-0.543435,0.586831,44,352
959,ARFGEF1,UMI-77,All,pancan,1.41625,0.156704,72,675
960,ARFGEF1,CUDC-101,All,pancan,-0.628965,0.529372,94,815
961,ARFGEF1,IU1,All,pancan,-0.0215668,0.982794,75,603
962,ARFGEF1,selumetinib:tretinoin (2:1 mol/mol),All,pancan,-1.67595,0.0937474,77,603
963,ARFGEF1,Taselisib,All,pancan,-1.04962,0.293892,81,719
964,ARFGEF1,ML030,All,pancan,-1.15089,0.249779,81,653
965,ARFGEF1,Compound 110,All,pancan,0.591361,0.554278,29,183
966,ARFGEF1,PIK-75,All,pancan,-1.0638,0.28742,29,183
967,ARFGEF1,Etoposide,All,pancan,-0.141608,0.887389,119,980
968,ARFGEF1,Salubrinal,All,pancan,1.3651,0.172223,45,349
969,ARFGEF1,Talazoparib,All,pancan,0.358999,0.719596,99,847
970,ARFGEF1,TAK-715,All,pancan,-1.99542,0.0459966,95,821
971,ARFGEF1,L-685458,All,pancan,0.277303,0.781548,85,694
972,ARFGEF1,FGFR_3831,All,pancan,-0.496534,0.619518,98,830
973,ARFGEF1,LY2109761,All,pancan,2.21881,0.0264999,71,653
974,ARFGEF1,NG-25,All,pancan,-0.711945,0.476499,94,817
975,ARFGEF1,BRD-K58730230,All,pancan,-1.34327,0.179183,30,173
976,ARFGEF1,cytarabine hydrochloride,All,pancan,-0.69497,0.487074,75,627
977,ARFGEF1,Zoledronate,All,pancan,0.539839,0.589308,71,653
978,ARFGEF1,AT-406,All,pancan,-1.21868,0.222964,39,399
979,ARFGEF1,AA-COCF3,All,pancan,0.685203,0.493216,79,646
980,ARFGEF1,BIBF-1120,All,pancan,-0.0677609,0.945976,95,824
981,ARFGEF1,BIX02189,All,pancan,0.426339,0.669861,94,817
982,ARFGEF1,AGI-5198,All,pancan,-0.0494106,0.960592,72,675
983,ARFGEF1,JAK_8517,All,pancan,0.0451472,0.96399,73,651
984,ARFGEF1,Staurosporine,All,pancan,0.959756,0.337178,90,754
985,ARFGEF1,Tretinoin,All,pancan,-0.527993,0.597504,126,1008
986,ARFGEF1,kb NB 142-70,All,pancan,-1.05111,0.293208,95,824
987,ARFGEF1,NPK76-II-72-1,All,pancan,-0.742162,0.457989,94,817
988,ARFGEF1,parbendazole,All,pancan,-1.1491,0.250517,83,653
989,ARFGEF1,trifluoperazine,All,pancan,-1.06848,0.285302,76,596
990,ARFGEF1,BRD-K99584050,All,pancan,-0.652131,0.514317,51,319
991,ARFGEF1,GSK-2334470,All,pancan,-1.40244,0.160784,13,68
992,ARFGEF1,CIL55A,All,pancan,0.630725,0.52822,52,356
993,ARFGEF1,Ispinesib Mesylate,All,pancan,-0.695316,0.486857,95,821
994,ARFGEF1,VE-822,All,pancan,-0.832015,0.405401,71,653
995,ARFGEF1,ZM447439,All,pancan,0.17631,0.860051,98,845
996,ARFGEF1,GSK690693,All,pancan,-0.744385,0.456644,95,818
997,ARFGEF1,BRD6150,All,pancan,-2.41477,0.015745,14,81
998,ARFGEF1,myriocin,All,pancan,-1.1724,0.241036,39,245
999,ARFGEF1,ursolic acid,All,pancan,0.747265,0.454904,18,98
1000,ARFGEF1,Bleomycin (10 uM),All,pancan,1.35691,0.17481,96,833
1001,ARFGEF1,BIX-01294,All,pancan,-0.520348,0.602821,80,641
1002,ARFGEF1,JNJ38877605,All,pancan,1.69157,0.0907272,95,824
1003,ARFGEF1,AZD6482,All,pancan,0.694754,0.487209,123,1008
1004,ARFGEF1,SB-431542,All,pancan,0.99065,0.321856,74,616
1005,ARFGEF1,BRD9786,All,pancan,0.0742499,0.940812,12,88
1006,ARFGEF1,MIM1,All,pancan,0.317015,0.751232,99,847
1007,ARFGEF1,CHEMBL374350,All,pancan,-1.03341,0.301411,76,614
1008,ARFGEF1,ISOX,All,pancan,-0.373507,0.708771,74,632
1009,ARFGEF1,LFM-A13,All,pancan,2.36378,0.0180894,95,813
1010,ARFGEF1,tanespimycin:gemcitabine (1:1 mol/mol),All,pancan,-0.425423,0.670528,75,610
1011,ARFGEF1,I-BET151,All,pancan,-0.15193,0.879242,77,639
1012,ARFGEF1,EPZ5676,All,pancan,-0.749775,0.45339,81,715
1013,ARFGEF1,Motesanib,All,pancan,0.329066,0.742106,98,843
